<?xml version="1.0" encoding="UTF-8" standalone="no"?><DGT><MOV><ABM tipus="CD">A</ABM><DATA>23/07/2018</DATA><TITULAR><DNI>45678965H</DNI><COGNOM_NOM>MArtinez_Carrasco_Manolo</COGNOM_NOM><DOMICILI>Carrer_de_les_Flors</DOMICILI></TITULAR><VEHICLE><MATRICULA>3456FRE</MATRICULA><N_BASTIDOR>435362wf</N_BASTIDOR><N_MOTOR>2543654634tgw</N_MOTOR></VEHICLE></MOV><MOV><ABM tipus="CP">b</ABM><DATA>30/08/2017</DATA><TITULAR><DNI>32456789J</DNI><COGNOM_NOM>Lopez_gutierrez_Alberto</COGNOM_NOM><DOMICILI>Carrer_De_La_Montanya_45_4-4</DOMICILI></TITULAR><VEHICLE><MATRICULA>2345FRE</MATRICULA><N_BASTIDOR>2342345werw</N_BASTIDOR><N_MOTOR>2353453rqew</N_MOTOR></VEHICLE></MOV><MOV><ABM tipus="BD">M</ABM><DATA>01/03/2016</DATA><TITULAR><DNI>54327678I</DNI><COGNOM_NOM>Porras_Viejas_Sonia</COGNOM_NOM><DOMICILI>AV_de_les_Corts_76_1-2</DOMICILI></TITULAR><VEHICLE><MATRICULA>3246H</MATRICULA><N_BASTIDOR>546456e</N_BASTIDOR><N_MOTOR>457567tr</N_MOTOR></VEHICLE></MOV><MOV><ABM tipus="BT">M</ABM><DATA>25/12/2018</DATA><TITULAR><DNI>56787643G</DNI><COGNOM_NOM>Constanti_Perez_Jordi</COGNOM_NOM><DOMICILI>Carrer_Pic_Blanc_N34_5-4</DOMICILI></TITULAR><VEHICLE><MATRICULA>2345GTY</MATRICULA><N_BASTIDOR>twertye567567</N_BASTIDOR><N_MOTOR>wryt657</N_MOTOR></VEHICLE></MOV></DGT>